,id,previousHomeWin,previousAwayWin,previousDraw,previousManagerHomeWin,previousManagerAwayWin,previousManagerDraw,homeAvgRating,homePosition,homePoint,homeForm,awayAvgRating,awayPosition,awayPoint,awayForm,homeExpectedGoal,awayExpectedGoal,homeExpectedAssist,awayExpectedAssist,homeBallPosession,homeShotOnTarget,awayShotOnTarget,homeShotOffTarget,awayShotOffTarget,homeBlockedShot,awayBlockedShot,homeCorner,awayCorner,homeOffside,awayOffside,homeFoul,awayFoul,homeYellowCard,awayYellowCard,homeRedCard,awayRedCard,homeFreekick,awayFreekick,homeThrowIn,awayThrowIn,homeGoalkick,awayGoalkick,homeBigChance,awayBigChance,homeBigChanceMissed,awayBigChanceMissed,homeShotInsideBox,awayShotInsideBox,homeGoalSave,awayGoalSave,homeGoalPrevented,awayGoalPrevented,homePass,awayPass,homeAccuratePass,awayAccuratePass,homeLongPass,awayLongPass,homeAccurateLongPass,awayAccurateLongPass,homeCross,awayCross,homeAccurateCross,awayAccurateCross,homeDribble,awwayDribble,homeSuccessfulDribble,awaySuccessfulDribble,homePossesionLost,awayPossesionLost,homeDuelWon,awayDuelWon,homeAerialWon,awayAerialWon,homeTackle,awayTackle,homeInterception,awayInterception,homeClearance,awayClearance,homeTeamId,awayTeamId,homeScorePeriod1,homeScoreCurrent,awayScorePeriod1,awayScoreCurrent
0,11352251,9,4,2,2,2,0,,0,,,,0,,,0.32,0.28,0.48,0.03,84.0,3.0,0.0,2.0,1.0,2.0,0.0,5.0,0.0,2.0,0.0,0.0,0.0,1.0,1.0,0.0,0.0,3.0,5.0,9.0,3.0,3.0,4.0,0.0,1.0,0.0,1.0,4.0,1.0,0.0,1.0,0.0,0.0,442.0,80.0,401.0,47.0,15.0,20.0,8.0,6.0,10.0,1.0,3.0,0.0,6.0,5.0,3.0,1.0,64.0,51.0,21.0,21.0,6.0,7.0,9.0,8.0,0.0,5.0,2.0,10.0,42,14,2,2,0,1
2,11352255,8,4,8,1,4,0,,0,,,,0,,,1.3,0.57,0.89,0.6,56.0,4.0,2.0,1.0,3.0,0.0,2.0,1.0,1.0,0.0,0.0,0.0,0.0,1.0,3.0,0.0,0.0,10.0,7.0,9.0,14.0,3.0,3.0,3.0,1.0,1.0,1.0,4.0,6.0,1.0,2.0,0.0,0.0,263.0,202.0,213.0,164.0,25.0,21.0,7.0,10.0,4.0,10.0,2.0,2.0,5.0,4.0,3.0,2.0,62.0,65.0,26.0,15.0,2.0,3.0,11.0,3.0,5.0,6.0,7.0,8.0,39,40,2,5,1,1
4,11352250,5,5,4,0,0,1,,0,,,,0,,,0.08,0.74,0.1,0.78,66.0,2.0,2.0,1.0,7.0,0.0,1.0,4.0,3.0,0.0,0.0,0.0,0.0,0.0,1.0,0.0,0.0,5.0,6.0,7.0,15.0,6.0,3.0,0.0,1.0,0.0,1.0,0.0,7.0,1.0,2.0,0.0,0.0,288.0,143.0,244.0,102.0,31.0,23.0,13.0,6.0,7.0,10.0,0.0,4.0,10.0,11.0,3.0,6.0,78.0,72.0,24.0,43.0,6.0,15.0,10.0,16.0,3.0,2.0,6.0,12.0,60,37,0,1,0,1
6,11352253,11,6,3,2,4,1,,0,,,,0,,,2.13,0.04,0.72,0.11,30.0,5.0,0.0,3.0,1.0,2.0,0.0,4.0,1.0,4.0,3.0,0.0,0.0,0.0,1.0,0.0,0.0,2.0,6.0,9.0,7.0,3.0,5.0,3.0,0.0,3.0,0.0,8.0,0.0,0.0,5.0,0.0,0.0,147.0,352.0,115.0,309.0,25.0,22.0,12.0,13.0,8.0,4.0,3.0,0.0,5.0,3.0,4.0,1.0,55.0,63.0,14.0,14.0,1.0,5.0,7.0,3.0,5.0,0.0,7.0,10.0,48,43,0,0,0,1
8,11352252,1,2,1,1,0,0,,0,,,,0,,,1.37,0.43,1.09,0.57,71.0,3.0,1.0,8.0,3.0,4.0,2.0,3.0,3.0,1.0,0.0,0.0,0.0,2.0,0.0,0.0,0.0,4.0,3.0,10.0,5.0,6.0,8.0,2.0,1.0,1.0,1.0,10.0,4.0,1.0,2.0,0.0,0.0,321.0,126.0,287.0,89.0,21.0,35.0,13.0,16.0,16.0,13.0,5.0,4.0,6.0,3.0,2.0,1.0,63.0,59.0,20.0,21.0,9.0,9.0,5.0,8.0,4.0,8.0,5.0,16.0,30,72,1,4,0,1
10,11352303,1,17,2,0,2,0,,0,,,,0,,,0.26,0.78,0.1,0.8,27.0,1.0,3.0,2.0,2.0,1.0,0.0,1.0,1.0,0.0,1.0,0.0,0.0,0.0,0.0,0.0,0.0,5.0,5.0,5.0,8.0,2.0,5.0,0.0,2.0,0.0,1.0,4.0,4.0,1.0,1.0,0.0,0.0,142.0,402.0,105.0,359.0,22.0,30.0,10.0,16.0,2.0,6.0,1.0,2.0,6.0,5.0,2.0,2.0,54.0,62.0,21.0,21.0,6.0,7.0,8.0,7.0,4.0,2.0,6.0,2.0,6,17,0,0,2,3
11,11352254,5,6,2,0,2,0,,0,,,,0,,,0.12,0.55,0.11,0.26,33.0,1.0,3.0,2.0,5.0,1.0,6.0,4.0,4.0,2.0,1.0,0.0,0.0,1.0,0.0,0.0,0.0,7.0,9.0,9.0,17.0,5.0,3.0,0.0,0.0,0.0,0.0,2.0,9.0,3.0,1.0,0.0,0.0,127.0,266.0,74.0,214.0,34.0,22.0,5.0,9.0,8.0,11.0,3.0,2.0,5.0,6.0,2.0,4.0,78.0,89.0,29.0,41.0,10.0,20.0,10.0,8.0,5.0,2.0,20.0,5.0,15,7,0,0,0,1
13,11352309,1,2,3,0,0,1,,0,,,,0,,,1.73,0.7,0.78,0.96,34.0,4.0,2.0,1.0,3.0,2.0,3.0,3.0,1.0,1.0,0.0,0.0,0.0,0.0,4.0,0.0,0.0,9.0,4.0,11.0,8.0,4.0,3.0,3.0,1.0,2.0,0.0,6.0,4.0,0.0,2.0,0.0,0.0,171.0,342.0,129.0,306.0,31.0,12.0,12.0,4.0,7.0,8.0,2.0,1.0,6.0,11.0,4.0,6.0,63.0,58.0,30.0,24.0,8.0,8.0,9.0,7.0,3.0,9.0,10.0,10.0,50,33,2,2,2,2
15,11352316,4,8,8,1,6,5,,0,,,,0,,,0.83,0.86,0.72,0.49,66.0,2.0,1.0,3.0,4.0,1.0,1.0,2.0,0.0,1.0,3.0,0.0,0.0,2.0,1.0,0.0,0.0,8.0,3.0,12.0,9.0,4.0,5.0,3.0,1.0,2.0,0.0,6.0,5.0,0.0,2.0,0.0,0.0,332.0,176.0,285.0,142.0,28.0,21.0,13.0,11.0,13.0,3.0,5.0,1.0,9.0,9.0,6.0,4.0,82.0,61.0,28.0,22.0,6.0,3.0,8.0,12.0,3.0,2.0,5.0,16.0,38,44,1,1,1,1
16,11352327,12,4,4,3,0,0,,0,,,,0,,,0.68,0.28,0.37,0.23,62.0,1.0,0.0,2.0,1.0,5.0,4.0,4.0,1.0,0.0,3.0,0.0,0.0,2.0,2.0,0.0,0.0,6.0,9.0,5.0,6.0,3.0,4.0,0.0,0.0,0.0,0.0,6.0,3.0,0.0,1.0,0.0,0.0,291.0,181.0,249.0,143.0,20.0,25.0,9.0,14.0,8.0,2.0,2.0,2.0,10.0,17.0,7.0,11.0,73.0,63.0,22.0,36.0,1.0,7.0,8.0,9.0,4.0,9.0,3.0,9.0,35,3,0,1,0,0
17,11352367,14,2,1,2,0,0,6.97,13,1.0,1.0,6.79,11,1.0,1.0,1.92,0.15,0.59,0.07,72.0,5.0,2.0,5.0,1.0,4.0,0.0,7.0,0.0,0.0,2.0,0.0,0.0,1.0,3.0,0.0,0.0,7.0,5.0,7.0,12.0,2.0,6.0,2.0,0.0,1.0,0.0,10.0,1.0,1.0,3.0,0.0,0.0,331.0,132.0,288.0,88.0,26.0,24.0,14.0,7.0,10.0,2.0,4.0,1.0,13.0,7.0,8.0,3.0,71.0,67.0,36.0,25.0,13.0,7.0,8.0,10.0,7.0,9.0,7.0,17.0,44,60,2,3,1,1
18,11352358,5,9,3,1,2,0,7.23,6,3.0,3.0,6.81,9,1.0,1.0,0.15,0.73,0.22,0.73,56.0,0.0,4.0,2.0,4.0,2.0,0.0,3.0,2.0,1.0,2.0,0.0,0.0,1.0,1.0,0.0,0.0,6.0,8.0,8.0,5.0,3.0,2.0,0.0,1.0,0.0,0.0,1.0,6.0,3.0,0.0,0.0,0.0,243.0,187.0,198.0,151.0,26.0,24.0,12.0,12.0,9.0,9.0,0.0,2.0,8.0,6.0,7.0,4.0,63.0,57.0,25.0,20.0,9.0,6.0,3.0,2.0,1.0,7.0,13.0,18.0,43,50,0,0,1,3
19,11352428,3,8,8,0,3,0,7.23,16,0.0,0.0,7.27,2,3.0,3.0,1.0,0.77,0.47,0.31,41.0,2.0,2.0,4.0,3.0,2.0,1.0,1.0,3.0,2.0,2.0,0.0,0.0,1.0,3.0,0.0,0.0,4.0,7.0,7.0,7.0,2.0,6.0,2.0,1.0,2.0,0.0,5.0,4.0,1.0,2.0,0.0,0.0,195.0,286.0,159.0,251.0,22.0,20.0,5.0,12.0,3.0,8.0,2.0,0.0,16.0,11.0,12.0,7.0,65.0,61.0,30.0,27.0,3.0,2.0,11.0,11.0,1.0,7.0,4.0,6.0,3,30,0,1,1,4
20,11352337,8,7,5,5,1,0,6.67,19,0.0,0.0,6.92,15,0.0,0.0,1.81,0.22,1.26,0.17,66.0,4.0,1.0,2.0,2.0,1.0,0.0,4.0,2.0,1.0,0.0,0.0,0.0,2.0,3.0,0.0,0.0,8.0,3.0,6.0,9.0,3.0,4.0,2.0,0.0,0.0,0.0,6.0,3.0,1.0,2.0,0.0,0.0,297.0,145.0,270.0,104.0,22.0,32.0,14.0,14.0,8.0,11.0,2.0,1.0,12.0,3.0,7.0,3.0,51.0,61.0,24.0,20.0,7.0,7.0,3.0,7.0,2.0,2.0,12.0,5.0,40,48,2,4,0,0
21,11352407,6,12,2,1,0,0,7.24,11,1.0,1.0,7.09,8,3.0,3.0,0.55,1.38,0.54,1.12,57.0,3.0,3.0,3.0,5.0,1.0,6.0,2.0,4.0,1.0,1.0,0.0,0.0,0.0,3.0,0.0,0.0,7.0,3.0,10.0,10.0,6.0,3.0,0.0,3.0,0.0,3.0,5.0,13.0,3.0,3.0,0.0,0.0,234.0,180.0,203.0,144.0,14.0,22.0,9.0,12.0,7.0,4.0,3.0,3.0,12.0,9.0,5.0,6.0,61.0,54.0,20.0,25.0,1.0,5.0,7.0,11.0,3.0,5.0,9.0,9.0,33,35,0,2,0,0
22,11352389,14,3,3,12,1,1,7.33,6,3.0,3.0,7.37,5,3.0,3.0,0.45,0.07,0.4,0.15,58.0,1.0,0.0,2.0,0.0,6.0,2.0,1.0,0.0,1.0,1.0,0.0,0.0,0.0,2.0,0.0,0.0,3.0,7.0,10.0,4.0,2.0,4.0,0.0,0.0,0.0,0.0,5.0,2.0,0.0,0.0,0.0,0.0,370.0,269.0,332.0,237.0,29.0,24.0,21.0,15.0,4.0,2.0,1.0,1.0,8.0,2.0,7.0,2.0,52.0,50.0,19.0,14.0,2.0,2.0,7.0,3.0,2.0,4.0,6.0,7.0,17,39,1,1,0,0
23,11352399,7,4,7,2,0,2,6.75,14,0.0,0.0,6.77,16,0.0,0.0,0.79,0.02,0.78,0.14,48.0,2.0,1.0,5.0,0.0,2.0,0.0,4.0,3.0,1.0,1.0,0.0,0.0,2.0,1.0,0.0,0.0,6.0,3.0,12.0,7.0,1.0,5.0,1.0,0.0,0.0,0.0,6.0,0.0,1.0,1.0,0.0,0.0,209.0,227.0,163.0,174.0,26.0,31.0,11.0,9.0,9.0,7.0,4.0,2.0,9.0,8.0,4.0,3.0,71.0,73.0,37.0,24.0,19.0,10.0,8.0,8.0,5.0,9.0,13.0,6.0,14,15,1,2,0,1
24,11352346,3,11,6,0,3,2,7.53,9,3.0,3.0,7.12,8,3.0,3.0,0.2,1.05,0.04,0.53,33.0,1.0,1.0,1.0,5.0,3.0,3.0,0.0,5.0,0.0,1.0,0.0,0.0,1.0,0.0,0.0,0.0,3.0,7.0,8.0,3.0,4.0,1.0,0.0,2.0,0.0,2.0,2.0,8.0,1.0,1.0,0.0,0.0,153.0,313.0,121.0,278.0,20.0,27.0,7.0,16.0,6.0,13.0,0.0,2.0,7.0,6.0,4.0,4.0,54.0,64.0,22.0,26.0,6.0,9.0,9.0,6.0,2.0,3.0,13.0,2.0,7,42,0,0,0,1
25,11352475,2,4,6,0,1,0,6.53,18,0.0,0.0,6.94,13,3.0,1.5,0.04,1.89,0.28,0.42,57.0,0.0,4.0,2.0,3.0,0.0,1.0,1.0,2.0,2.0,1.0,0.0,0.0,2.0,0.0,0.0,0.0,3.0,6.0,6.0,4.0,2.0,3.0,0.0,4.0,0.0,2.0,0.0,8.0,2.0,0.0,0.0,0.0,319.0,244.0,291.0,210.0,15.0,26.0,9.0,13.0,5.0,4.0,1.0,2.0,10.0,9.0,6.0,7.0,50.0,48.0,16.0,28.0,2.0,5.0,5.0,10.0,5.0,4.0,5.0,3.0,6,40,0,1,2,3
26,11352437,2,9,2,0,1,0,6.77,15,1.0,0.5,7.21,6,4.0,2.0,0.47,1.34,0.25,1.16,48.0,2.0,5.0,1.0,2.0,3.0,2.0,4.0,2.0,2.0,0.0,0.0,0.0,1.0,0.0,0.0,0.0,4.0,8.0,15.0,9.0,4.0,1.0,0.0,3.0,0.0,2.0,5.0,8.0,4.0,2.0,0.0,0.0,195.0,218.0,156.0,195.0,29.0,14.0,13.0,7.0,11.0,7.0,2.0,2.0,13.0,11.0,7.0,10.0,69.0,48.0,23.0,33.0,6.0,5.0,6.0,10.0,2.0,5.0,7.0,15.0,60,33,0,0,1,2
27,11352456,1,0,5,1,0,1,7.01,5,4.0,2.0,7.2,12,3.0,1.5,0.4,0.37,0.41,0.18,61.0,1.0,1.0,3.0,2.0,1.0,2.0,3.0,0.0,2.0,2.0,0.0,0.0,0.0,0.0,0.0,0.0,5.0,4.0,7.0,7.0,4.0,4.0,1.0,0.0,1.0,0.0,5.0,3.0,1.0,0.0,0.0,0.0,289.0,187.0,243.0,149.0,30.0,25.0,17.0,7.0,7.0,5.0,2.0,3.0,4.0,13.0,1.0,10.0,66.0,63.0,20.0,26.0,7.0,7.0,7.0,5.0,2.0,5.0,3.0,3.0,50,7,1,1,0,1
28,11352495,6,7,6,1,1,0,6.65,19,0.0,0.0,6.96,18,0.0,0.0,0.78,0.27,0.5,0.23,41.0,2.0,0.0,5.0,4.0,1.0,2.0,2.0,0.0,0.0,0.0,0.0,0.0,0.0,2.0,0.0,0.0,4.0,3.0,8.0,13.0,4.0,8.0,3.0,0.0,3.0,0.0,4.0,3.0,0.0,2.0,0.0,0.0,202.0,291.0,168.0,253.0,20.0,31.0,8.0,12.0,9.0,8.0,2.0,3.0,6.0,11.0,3.0,3.0,62.0,67.0,26.0,18.0,8.0,3.0,11.0,10.0,6.0,2.0,5.0,7.0,48,3,0,0,0,1
29,11352447,12,2,6,2,0,1,7.09,4,6.0,3.0,6.9,14,3.0,1.5,1.34,0.25,2.28,0.21,71.0,4.0,1.0,2.0,3.0,2.0,2.0,4.0,1.0,1.0,0.0,0.0,0.0,0.0,1.0,0.0,0.0,1.0,2.0,10.0,2.0,3.0,6.0,2.0,0.0,2.0,0.0,7.0,4.0,0.0,4.0,0.0,0.0,365.0,147.0,321.0,97.0,34.0,27.0,22.0,7.0,11.0,3.0,5.0,0.0,9.0,0.0,7.0,0.0,70.0,63.0,20.0,15.0,5.0,8.0,7.0,5.0,5.0,5.0,6.0,12.0,42,43,0,2,1,2
30,11352484,3,0,0,1,0,0,7.03,15,1.0,0.5,6.63,17,0.0,0.0,0.51,0.09,0.9,0.08,70.0,2.0,0.0,2.0,2.0,3.0,1.0,3.0,2.0,0.0,0.0,0.0,0.0,0.0,2.0,0.0,0.0,4.0,8.0,7.0,4.0,5.0,4.0,0.0,0.0,0.0,0.0,5.0,3.0,0.0,1.0,0.0,0.0,371.0,153.0,348.0,116.0,21.0,28.0,14.0,8.0,10.0,8.0,2.0,2.0,8.0,7.0,5.0,6.0,51.0,48.0,19.0,24.0,9.0,2.0,1.0,8.0,5.0,1.0,5.0,12.0,38,72,1,3,0,0
31,11352524,0,8,2,0,2,0,6.73,17,0.0,0.0,7.35,5,6.0,3.0,0.0,1.59,0.02,0.85,16.0,0.0,3.0,0.0,4.0,0.0,5.0,0.0,5.0,1.0,1.0,0.0,0.0,1.0,0.0,0.0,0.0,0.0,3.0,7.0,6.0,5.0,2.0,0.0,2.0,0.0,2.0,0.0,9.0,3.0,0.0,0.0,0.0,82.0,399.0,56.0,369.0,21.0,14.0,10.0,10.0,1.0,22.0,0.0,5.0,9.0,5.0,3.0,2.0,48.0,61.0,11.0,19.0,3.0,5.0,5.0,9.0,3.0,3.0,20.0,2.0,15,17,0,1,0,2
32,11352504,10,1,2,5,0,0,7.0,13,3.0,1.5,6.88,11,3.0,1.5,1.13,0.95,0.86,0.04,69.0,5.0,2.0,2.0,0.0,2.0,1.0,4.0,1.0,1.0,2.0,0.0,0.0,0.0,2.0,0.0,0.0,3.0,6.0,8.0,6.0,1.0,4.0,2.0,1.0,1.0,0.0,3.0,3.0,0.0,5.0,0.0,0.0,379.0,165.0,337.0,124.0,18.0,27.0,10.0,11.0,13.0,6.0,1.0,0.0,8.0,9.0,4.0,5.0,75.0,67.0,17.0,29.0,2.0,8.0,8.0,10.0,3.0,7.0,8.0,16.0,35,14,1,3,2,2
33,11352466,6,3,6,1,1,0,7.27,3,6.0,3.0,7.0,8,4.0,2.0,0.64,1.41,0.74,0.54,84.0,2.0,2.0,3.0,1.0,4.0,1.0,6.0,3.0,0.0,1.0,0.0,0.0,0.0,2.0,0.0,0.0,6.0,6.0,10.0,6.0,2.0,4.0,0.0,2.0,0.0,1.0,5.0,4.0,1.0,2.0,0.0,0.0,361.0,62.0,326.0,31.0,24.0,17.0,17.0,4.0,17.0,7.0,4.0,0.0,8.0,4.0,4.0,3.0,63.0,49.0,18.0,26.0,5.0,9.0,3.0,8.0,3.0,11.0,7.0,17.0,30,37,0,1,1,3
34,11352543,8,5,6,0,0,1,6.98,9,5.0,1.6666666666666667,6.76,17,1.0,0.3333333333333333,0.63,0.96,0.5,0.24,55.0,2.0,3.0,3.0,2.0,1.0,2.0,1.0,0.0,1.0,1.0,0.0,0.0,0.0,0.0,0.0,0.0,7.0,3.0,8.0,11.0,4.0,6.0,2.0,2.0,2.0,2.0,3.0,6.0,2.0,2.0,0.0,0.0,233.0,184.0,193.0,143.0,30.0,32.0,14.0,12.0,6.0,6.0,1.0,0.0,9.0,15.0,1.0,5.0,72.0,74.0,29.0,29.0,9.0,8.0,12.0,13.0,4.0,0.0,8.0,9.0,50,60,1,2,1,2
35,11352570,7,3,4,0,1,0,7.16,10,4.0,1.3333333333333333,6.89,14,3.0,1.0,1.12,0.24,0.81,0.12,69.0,1.0,0.0,3.0,3.0,7.0,0.0,2.0,0.0,1.0,0.0,0.0,0.0,3.0,1.0,0.0,0.0,6.0,7.0,8.0,12.0,4.0,4.0,1.0,1.0,1.0,1.0,5.0,2.0,0.0,1.0,0.0,0.0,326.0,146.0,287.0,94.0,18.0,28.0,10.0,12.0,10.0,2.0,1.0,0.0,9.0,5.0,6.0,1.0,69.0,77.0,36.0,23.0,13.0,9.0,11.0,6.0,4.0,8.0,9.0,7.0,38,14,0,0,0,1
36,11352578,9,7,2,2,0,0,7.14,12,4.0,1.3333333333333333,6.98,15,3.0,1.0,0.9,0.72,0.47,0.41,40.0,3.0,1.0,2.0,6.0,1.0,2.0,1.0,2.0,0.0,1.0,0.0,0.0,0.0,2.0,0.0,0.0,6.0,5.0,4.0,12.0,9.0,4.0,1.0,1.0,1.0,1.0,6.0,7.0,1.0,2.0,0.0,0.0,180.0,263.0,142.0,219.0,21.0,23.0,6.0,10.0,8.0,13.0,1.0,2.0,11.0,10.0,4.0,5.0,68.0,74.0,30.0,32.0,6.0,7.0,14.0,15.0,5.0,3.0,13.0,3.0,7,3,0,3,0,2
37,11352597,2,5,3,1,0,1,6.71,17,0.0,0.0,6.77,19,0.0,0.0,0.35,1.48,0.26,0.2,46.0,4.0,3.0,2.0,1.0,0.0,5.0,2.0,4.0,0.0,0.0,0.0,0.0,0.0,1.0,0.0,0.0,4.0,3.0,13.0,18.0,3.0,0.0,0.0,3.0,0.0,2.0,4.0,7.0,2.0,3.0,0.0,0.0,212.0,239.0,161.0,182.0,30.0,29.0,10.0,15.0,6.0,15.0,2.0,3.0,6.0,9.0,4.0,5.0,73.0,85.0,19.0,28.0,5.0,11.0,6.0,9.0,5.0,5.0,23.0,6.0,15,48,2,2,1,2
38,11352594,17,0,3,12,0,0,7.39,2,9.0,3.0,6.86,12,4.0,1.3333333333333333,0.68,1.04,0.19,0.05,60.0,2.0,2.0,1.0,0.0,0.0,1.0,2.0,3.0,0.0,0.0,0.0,0.0,1.0,2.0,0.0,0.0,5.0,8.0,13.0,7.0,2.0,0.0,1.0,2.0,0.0,1.0,3.0,3.0,1.0,0.0,0.0,0.0,307.0,198.0,263.0,164.0,29.0,25.0,18.0,13.0,6.0,8.0,3.0,1.0,8.0,7.0,6.0,2.0,60.0,57.0,24.0,19.0,4.0,2.0,9.0,7.0,5.0,7.0,6.0,7.0,17,43,2,5,1,1
39,11352584,13,5,2,7,1,2,6.95,5,7.0,2.333333333333333,6.96,8,6.0,2.0,1.04,0.33,0.31,0.2,70.0,2.0,0.0,4.0,3.0,2.0,0.0,2.0,1.0,3.0,0.0,0.0,0.0,0.0,1.0,0.0,0.0,4.0,2.0,5.0,7.0,3.0,3.0,3.0,0.0,3.0,0.0,6.0,3.0,0.0,1.0,0.0,0.0,419.0,175.0,387.0,141.0,20.0,28.0,14.0,15.0,3.0,5.0,1.0,2.0,5.0,7.0,1.0,3.0,52.0,49.0,16.0,13.0,5.0,1.0,6.0,7.0,4.0,4.0,7.0,9.0,44,40,2,3,0,0
40,11352590,0,1,1,0,1,0,6.65,19,0.0,0.0,7.09,2,7.0,2.333333333333333,0.72,0.72,0.39,0.35,33.0,0.0,1.0,7.0,4.0,1.0,1.0,4.0,3.0,0.0,2.0,0.0,0.0,0.0,0.0,0.0,0.0,5.0,2.0,9.0,8.0,5.0,6.0,2.0,1.0,2.0,0.0,6.0,3.0,0.0,0.0,0.0,0.0,160.0,344.0,113.0,297.0,35.0,29.0,12.0,15.0,16.0,9.0,5.0,0.0,10.0,8.0,5.0,5.0,75.0,78.0,25.0,24.0,9.0,9.0,7.0,8.0,5.0,4.0,11.0,19.0,72,37,0,1,1,2
41,11352551,7,5,6,1,1,0,7.19,6,6.0,2.0,6.98,14,3.0,1.0,1.11,0.54,0.49,0.38,59.0,4.0,0.0,5.0,3.0,3.0,1.0,4.0,1.0,1.0,0.0,0.0,0.0,0.0,2.0,0.0,0.0,9.0,6.0,6.0,5.0,4.0,5.0,1.0,0.0,0.0,0.0,8.0,3.0,1.0,4.0,0.0,0.0,292.0,197.0,253.0,160.0,26.0,20.0,13.0,7.0,7.0,6.0,5.0,1.0,9.0,8.0,5.0,8.0,56.0,49.0,23.0,26.0,7.0,3.0,2.0,9.0,3.0,3.0,4.0,8.0,30,39,1,3,0,1
42,11352561,3,13,4,0,1,0,6.61,19,0.0,0.0,7.25,3,7.0,2.333333333333333,0.47,1.06,0.41,0.59,48.0,1.0,6.0,2.0,1.0,1.0,6.0,1.0,3.0,2.0,0.0,0.0,0.0,1.0,2.0,0.0,0.0,4.0,7.0,13.0,7.0,4.0,5.0,1.0,2.0,0.0,1.0,2.0,6.0,4.0,0.0,0.0,0.0,231.0,253.0,184.0,211.0,38.0,19.0,15.0,7.0,3.0,5.0,1.0,2.0,15.0,10.0,6.0,4.0,69.0,67.0,28.0,24.0,4.0,2.0,14.0,11.0,4.0,4.0,7.0,5.0,6,33,1,2,2,5
43,11352602,9,7,4,1,0,0,6.89,10,6.0,1.5,7.13,7,7.0,1.75,1.02,0.06,0.6,0.28,66.0,1.0,0.0,3.0,1.0,3.0,1.0,1.0,1.0,1.0,0.0,0.0,0.0,2.0,1.0,0.0,0.0,5.0,4.0,11.0,10.0,3.0,1.0,1.0,0.0,1.0,0.0,5.0,1.0,0.0,1.0,0.0,0.0,310.0,161.0,265.0,118.0,24.0,21.0,15.0,6.0,12.0,4.0,5.0,0.0,9.0,11.0,4.0,6.0,72.0,62.0,23.0,22.0,4.0,0.0,10.0,12.0,4.0,8.0,2.0,15.0,40,7,0,3,0,1
45,11352600,4,10,2,0,0,1,6.75,16,2.0,0.5,7.1,14,4.0,1.0,0.32,0.56,0.5,0.66,33.0,2.0,2.0,1.0,2.0,2.0,1.0,0.0,3.0,1.0,0.0,0.0,0.0,0.0,2.0,0.0,0.0,12.0,8.0,8.0,7.0,3.0,4.0,1.0,1.0,1.0,1.0,3.0,3.0,2.0,2.0,0.0,0.0,161.0,346.0,124.0,311.0,23.0,18.0,6.0,14.0,5.0,3.0,3.0,0.0,11.0,12.0,8.0,8.0,56.0,61.0,33.0,26.0,3.0,4.0,10.0,6.0,8.0,3.0,10.0,4.0,60,38,0,0,0,0
61,11352615,6,1,1,4,0,1,6.9,14,3.0,0.75,6.98,10,6.0,1.5,0.6,0.18,0.41,0.36,63.0,1.0,1.0,4.0,1.0,2.0,2.0,3.0,2.0,0.0,1.0,0.0,0.0,0.0,2.0,0.0,0.0,8.0,3.0,16.0,10.0,4.0,4.0,1.0,0.0,1.0,0.0,4.0,4.0,1.0,1.0,0.0,0.0,271.0,160.0,227.0,117.0,22.0,29.0,9.0,14.0,12.0,7.0,4.0,2.0,16.0,7.0,10.0,5.0,78.0,68.0,31.0,36.0,7.0,13.0,7.0,15.0,4.0,3.0,7.0,15.0,39,50,0,1,0,0
63,11352626,4,14,2,1,1,0,6.98,15,3.0,0.75,6.98,3,10.0,2.5,0.4,0.6,1.0,0.16,36.0,2.0,2.0,5.0,3.0,1.0,0.0,4.0,1.0,0.0,0.0,0.0,0.0,0.0,1.0,0.0,0.0,1.0,4.0,10.0,11.0,3.0,6.0,0.0,0.0,0.0,0.0,5.0,5.0,1.0,1.0,0.0,0.0,176.0,330.0,147.0,299.0,20.0,15.0,9.0,12.0,11.0,8.0,6.0,3.0,19.0,10.0,11.0,4.0,54.0,52.0,27.0,21.0,4.0,2.0,11.0,11.0,6.0,4.0,8.0,12.0,3,44,1,1,0,3
64,11352608,3,0,2,1,0,0,6.69,13,4.0,1.0,6.69,19,0.0,0.0,0.38,0.5,0.55,0.18,76.0,1.0,1.0,3.0,2.0,1.0,0.0,2.0,0.0,0.0,1.0,0.0,0.0,2.0,2.0,0.0,0.0,8.0,3.0,11.0,7.0,2.0,5.0,1.0,1.0,1.0,1.0,2.0,3.0,1.0,1.0,0.0,0.0,395.0,122.0,359.0,84.0,26.0,18.0,17.0,4.0,10.0,5.0,4.0,2.0,7.0,5.0,3.0,1.0,60.0,60.0,23.0,22.0,6.0,11.0,6.0,8.0,6.0,4.0,4.0,7.0,43,72,0,1,0,0
66,11352611,10,6,0,1,2,0,6.93,11,6.0,1.5,7.15,6,9.0,2.25,0.64,0.56,0.21,0.16,42.0,1.0,1.0,2.0,2.0,5.0,0.0,3.0,0.0,2.0,1.0,0.0,0.0,1.0,2.0,0.0,0.0,5.0,3.0,6.0,3.0,2.0,4.0,1.0,1.0,1.0,0.0,5.0,1.0,0.0,1.0,0.0,0.0,245.0,339.0,212.0,312.0,27.0,28.0,13.0,21.0,7.0,3.0,0.0,2.0,16.0,9.0,9.0,2.0,60.0,49.0,22.0,23.0,0.0,4.0,8.0,14.0,2.0,5.0,1.0,7.0,35,30,0,1,1,3
68,11352621,5,3,4,1,0,0,7.25,3,10.0,2.5,6.75,17,1.0,0.25,1.09,0.4,0.68,0.13,68.0,7.0,2.0,3.0,0.0,2.0,1.0,5.0,1.0,1.0,3.0,0.0,0.0,0.0,3.0,0.0,0.0,6.0,3.0,8.0,5.0,0.0,5.0,2.0,0.0,2.0,0.0,7.0,3.0,2.0,7.0,0.0,0.0,337.0,160.0,308.0,120.0,16.0,26.0,8.0,14.0,15.0,3.0,3.0,1.0,15.0,2.0,9.0,2.0,61.0,57.0,24.0,24.0,5.0,10.0,5.0,9.0,2.0,4.0,3.0,13.0,33,15,0,2,0,1
70,11352625,1,16,3,1,11,3,7.1,4,10.0,2.5,7.38,2,12.0,3.0,0.8,1.97,0.52,2.14,37.0,2.0,7.0,1.0,2.0,0.0,8.0,2.0,8.0,1.0,0.0,0.0,0.0,1.0,1.0,0.0,0.0,6.0,3.0,6.0,5.0,5.0,1.0,2.0,4.0,1.0,4.0,2.0,10.0,5.0,1.0,0.0,0.0,174.0,306.0,153.0,283.0,13.0,16.0,10.0,11.0,7.0,17.0,2.0,2.0,5.0,8.0,2.0,4.0,41.0,52.0,24.0,18.0,8.0,4.0,8.0,7.0,2.0,3.0,19.0,2.0,37,17,1,1,0,3
72,11352605,6,13,1,2,3,3,6.87,18,1.0,0.25,7.13,5,10.0,2.5,0.15,0.2,0.03,0.36,23.0,1.0,1.0,0.0,1.0,3.0,1.0,0.0,3.0,1.0,2.0,0.0,0.0,1.0,0.0,0.0,0.0,4.0,6.0,6.0,12.0,5.0,1.0,0.0,0.0,0.0,0.0,1.0,2.0,1.0,1.0,0.0,0.0,110.0,380.0,74.0,342.0,23.0,24.0,6.0,13.0,2.0,7.0,1.0,4.0,3.0,10.0,2.0,6.0,48.0,59.0,16.0,18.0,2.0,3.0,8.0,3.0,5.0,1.0,8.0,2.0,48,42,0,0,0,1
73,11352618,3,9,6,0,1,1,6.9,12,6.0,1.5,6.59,19,0.0,0.0,0.27,0.11,0.28,0.07,46.0,2.0,3.0,2.0,0.0,2.0,0.0,1.0,2.0,1.0,1.0,0.0,0.0,2.0,1.0,0.0,0.0,3.0,9.0,9.0,7.0,4.0,2.0,0.0,0.0,0.0,0.0,3.0,0.0,2.0,2.0,0.0,0.0,213.0,257.0,172.0,222.0,27.0,30.0,11.0,16.0,7.0,6.0,0.0,1.0,9.0,10.0,4.0,6.0,62.0,57.0,25.0,24.0,9.0,4.0,9.0,5.0,5.0,3.0,2.0,12.0,14,6,0,1,1,1
74,11352627,7,7,6,0,0,1,7.13,4,13.0,2.6,7.25,2,13.0,2.6,0.76,0.87,0.14,0.56,39.0,3.0,3.0,3.0,3.0,1.0,1.0,3.0,1.0,1.0,2.0,0.0,0.0,1.0,3.0,0.0,0.0,9.0,7.0,6.0,9.0,1.0,7.0,2.0,3.0,2.0,2.0,5.0,5.0,2.0,3.0,0.0,0.0,164.0,266.0,134.0,236.0,25.0,16.0,13.0,7.0,7.0,5.0,2.0,0.0,8.0,8.0,4.0,2.0,60.0,60.0,33.0,27.0,5.0,2.0,15.0,16.0,6.0,0.0,7.0,8.0,42,33,1,2,1,2
75,11352631,14,5,1,3,6,3,7.11,14,5.0,1.0,6.94,7,9.0,1.8,0.7,0.18,0.34,0.08,55.0,2.0,3.0,1.0,1.0,0.0,1.0,4.0,6.0,5.0,1.0,0.0,0.0,0.0,1.0,0.0,0.0,2.0,4.0,7.0,7.0,1.0,2.0,1.0,0.0,1.0,0.0,2.0,1.0,3.0,2.0,0.0,0.0,228.0,182.0,197.0,160.0,22.0,26.0,18.0,14.0,7.0,14.0,0.0,1.0,13.0,11.0,5.0,7.0,57.0,59.0,24.0,22.0,7.0,2.0,10.0,9.0,1.0,7.0,13.0,7.0,38,40,0,0,0,1
76,11352629,5,8,4,1,0,0,7.12,5,12.0,2.4,6.82,17,3.0,0.6,0.33,0.37,0.46,0.22,62.0,2.0,1.0,1.0,3.0,4.0,0.0,2.0,1.0,1.0,1.0,0.0,0.0,2.0,1.0,0.0,0.0,7.0,5.0,7.0,6.0,3.0,4.0,0.0,1.0,0.0,0.0,2.0,2.0,0.0,2.0,0.0,0.0,255.0,155.0,217.0,114.0,27.0,28.0,12.0,6.0,4.0,4.0,1.0,1.0,5.0,10.0,0.0,5.0,62.0,61.0,22.0,20.0,5.0,0.0,10.0,10.0,7.0,7.0,7.0,3.0,30,60,1,3,1,1
77,11352628,2,3,2,1,3,0,6.95,11,6.0,1.2,6.84,18,1.0,0.2,0.49,0.71,0.17,0.59,57.0,1.0,2.0,4.0,6.0,2.0,1.0,0.0,1.0,0.0,0.0,0.0,0.0,0.0,1.0,0.0,0.0,5.0,4.0,14.0,9.0,6.0,3.0,2.0,3.0,2.0,2.0,3.0,7.0,1.0,0.0,0.0,0.0,308.0,222.0,255.0,180.0,34.0,28.0,16.0,13.0,3.0,12.0,0.0,2.0,7.0,1.0,3.0,0.0,72.0,69.0,21.0,26.0,6.0,16.0,7.0,6.0,5.0,5.0,9.0,10.0,50,48,1,1,1,3
78,11352632,4,4,5,1,1,4,7.06,9,7.0,1.4,6.78,10,7.0,1.4,0.12,0.21,0.12,0.15,51.0,1.0,4.0,1.0,0.0,1.0,0.0,1.0,2.0,0.0,0.0,0.0,0.0,2.0,2.0,0.0,0.0,11.0,4.0,9.0,7.0,2.0,1.0,0.0,0.0,0.0,0.0,1.0,3.0,4.0,1.0,0.0,0.0,242.0,230.0,203.0,192.0,31.0,23.0,14.0,17.0,6.0,7.0,1.0,1.0,10.0,5.0,4.0,2.0,72.0,64.0,27.0,28.0,5.0,8.0,8.0,15.0,5.0,7.0,8.0,6.0,7,43,0,0,0,0
79,11352633,13,4,3,10,1,1,7.0,3,13.0,2.6,7.06,6,10.0,2.0,1.71,0.6,0.63,0.51,65.0,2.0,2.0,5.0,3.0,4.0,2.0,2.0,4.0,1.0,1.0,0.0,0.0,0.0,1.0,0.0,0.0,7.0,5.0,10.0,9.0,1.0,6.0,3.0,2.0,2.0,2.0,8.0,6.0,1.0,1.0,0.0,0.0,325.0,169.0,290.0,131.0,22.0,26.0,13.0,11.0,9.0,10.0,3.0,4.0,12.0,7.0,5.0,5.0,67.0,62.0,33.0,27.0,12.0,6.0,9.0,11.0,3.0,3.0,11.0,10.0,44,37,1,3,1,1
80,11352634,1,0,2,0,0,1,6.69,20,0.0,0.0,6.92,16,3.0,0.6,0.53,0.0,0.4,0.04,56.0,2.0,0.0,2.0,0.0,5.0,0.0,4.0,1.0,0.0,1.0,0.0,0.0,0.0,1.0,0.0,1.0,7.0,6.0,15.0,6.0,1.0,7.0,0.0,0.0,0.0,0.0,6.0,0.0,0.0,2.0,0.0,0.0,235.0,200.0,181.0,154.0,36.0,28.0,15.0,8.0,22.0,5.0,5.0,0.0,7.0,10.0,4.0,3.0,83.0,78.0,34.0,27.0,10.0,11.0,13.0,7.0,5.0,3.0,3.0,14.0,72,3,0,1,0,1
81,11352635,2,3,3,3,0,1,7.42,1,15.0,3.0,6.89,8,7.0,1.4,0.78,0.13,0.84,0.06,76.0,4.0,0.0,0.0,0.0,2.0,1.0,4.0,1.0,0.0,2.0,0.0,0.0,1.0,2.0,0.0,0.0,8.0,4.0,5.0,4.0,0.0,1.0,1.0,0.0,0.0,0.0,3.0,0.0,0.0,2.0,0.0,0.0,445.0,142.0,427.0,118.0,24.0,8.0,19.0,5.0,8.0,3.0,1.0,1.0,11.0,1.0,7.0,1.0,40.0,41.0,18.0,13.0,0.0,1.0,3.0,7.0,1.0,2.0,8.0,6.0,17,14,2,2,0,0
82,11352630,2,11,5,0,2,0,6.65,19,1.0,0.25,6.89,13,6.0,1.2,0.63,0.39,0.55,0.78,58.0,2.0,2.0,3.0,2.0,1.0,1.0,4.0,1.0,1.0,3.0,0.0,0.0,0.0,1.0,0.0,0.0,6.0,2.0,5.0,4.0,2.0,4.0,1.0,0.0,1.0,0.0,4.0,4.0,1.0,2.0,0.0,0.0,311.0,228.0,272.0,192.0,27.0,20.0,12.0,10.0,11.0,2.0,0.0,1.0,10.0,6.0,4.0,1.0,64.0,57.0,22.0,14.0,5.0,3.0,7.0,8.0,3.0,4.0,4.0,14.0,6,35,0,0,1,1
83,11352638,8,1,5,3,0,0,6.95,6,12.0,2.4,7.09,3,15.0,2.4,1.15,0.83,0.99,0.55,42.0,5.0,1.0,3.0,1.0,6.0,0.0,0.0,0.0,0.0,3.0,0.0,0.0,2.0,1.0,0.0,0.0,8.0,13.0,17.0,4.0,3.0,5.0,1.0,2.0,0.0,2.0,11.0,2.0,1.0,3.0,0.0,0.0,172.0,241.0,139.0,216.0,23.0,14.0,6.0,8.0,4.0,1.0,1.0,0.0,12.0,7.0,6.0,2.0,53.0,44.0,23.0,31.0,1.0,3.0,8.0,13.0,2.0,3.0,0.0,9.0,40,30,3,6,0,1
84,11352637,1,11,2,0,1,0,6.78,17,3.0,0.4,7.08,6,14.0,2.2,0.4,1.78,0.29,0.27,38.0,1.0,3.0,2.0,1.0,2.0,2.0,3.0,2.0,2.0,0.0,0.0,0.0,0.0,1.0,0.0,0.0,3.0,6.0,7.0,4.0,1.0,4.0,0.0,2.0,0.0,0.0,4.0,6.0,1.0,1.0,0.0,0.0,180.0,310.0,141.0,276.0,25.0,18.0,10.0,10.0,6.0,1.0,1.0,1.0,13.0,8.0,6.0,5.0,63.0,52.0,17.0,29.0,3.0,6.0,5.0,13.0,6.0,5.0,2.0,5.0,60,42,0,0,2,4
86,11352643,4,9,4,1,5,4,6.86,12,7.0,1.4,6.89,14,6.0,1.0,0.17,0.34,0.21,0.56,50.0,0.0,1.0,2.0,0.0,1.0,2.0,1.0,4.0,2.0,0.0,0.0,0.0,1.0,1.0,0.0,0.0,4.0,3.0,8.0,10.0,3.0,3.0,0.0,0.0,0.0,0.0,2.0,3.0,2.0,0.0,0.0,0.0,274.0,276.0,234.0,235.0,23.0,24.0,8.0,9.0,8.0,9.0,2.0,2.0,12.0,4.0,8.0,1.0,60.0,68.0,27.0,23.0,6.0,12.0,9.0,7.0,3.0,5.0,16.0,6.0,14,50,0,1,0,1
102,11352644,2,12,6,1,0,0,7.19,6,14.0,2.6,7.04,3,16.0,3.0,1.08,1.26,0.73,0.83,57.0,4.0,3.0,2.0,4.0,3.0,3.0,1.0,4.0,1.0,1.0,0.0,0.0,1.0,1.0,0.0,1.0,9.0,3.0,12.0,13.0,3.0,4.0,1.0,1.0,0.0,1.0,5.0,8.0,2.0,3.0,0.0,0.0,328.0,235.0,292.0,195.0,10.0,27.0,5.0,14.0,5.0,9.0,0.0,5.0,8.0,8.0,5.0,5.0,53.0,64.0,26.0,19.0,4.0,4.0,9.0,7.0,5.0,3.0,13.0,3.0,33,44,1,2,1,1
104,11352639,0,1,0,0,1,0,6.91,15,4.0,0.8,6.75,18,1.0,0.2,2.25,0.8,1.94,0.2,70.0,5.0,2.0,8.0,3.0,0.0,2.0,0.0,5.0,1.0,2.0,0.0,0.0,0.0,0.0,0.0,0.0,8.0,2.0,20.0,8.0,4.0,7.0,5.0,3.0,4.0,1.0,9.0,6.0,0.0,3.0,0.0,0.0,319.0,130.0,262.0,73.0,39.0,39.0,20.0,17.0,13.0,8.0,4.0,4.0,11.0,9.0,5.0,3.0,87.0,81.0,36.0,27.0,15.0,13.0,9.0,9.0,3.0,5.0,6.0,12.0,48,72,1,1,2,2
106,11352646,5,14,1,0,0,0,6.86,16,4.0,0.8,7.37,1,18.0,3.0,0.11,0.51,0.03,0.69,31.0,0.0,2.0,0.0,3.0,1.0,8.0,0.0,2.0,0.0,0.0,0.0,0.0,2.0,1.0,0.0,0.0,5.0,11.0,4.0,11.0,5.0,2.0,0.0,0.0,0.0,0.0,1.0,9.0,2.0,0.0,0.0,0.0,141.0,318.0,112.0,288.0,21.0,8.0,14.0,6.0,3.0,8.0,0.0,1.0,8.0,11.0,6.0,8.0,45.0,48.0,20.0,28.0,3.0,1.0,6.0,8.0,4.0,3.0,12.0,5.0,3,17,1,2,0,1
108,11352641,12,4,4,1,1,0,6.92,9,9.0,1.2,7.06,10,8.0,1.0,0.49,0.36,0.34,0.25,72.0,1.0,1.0,4.0,1.0,2.0,2.0,2.0,2.0,0.0,0.0,0.0,0.0,1.0,2.0,0.0,0.0,5.0,6.0,13.0,7.0,2.0,5.0,1.0,0.0,1.0,0.0,5.0,3.0,0.0,0.0,0.0,0.0,377.0,141.0,330.0,103.0,22.0,24.0,13.0,8.0,11.0,7.0,2.0,1.0,11.0,6.0,8.0,3.0,74.0,67.0,28.0,23.0,4.0,1.0,11.0,13.0,3.0,10.0,10.0,11.0,35,7,0,0,1,1
110,11352642,7,3,4,1,0,0,7.05,8,9.0,1.2,6.72,19,1.0,0.2,1.61,0.35,0.71,0.18,52.0,5.0,1.0,4.0,1.0,0.0,1.0,0.0,1.0,1.0,1.0,0.0,0.0,1.0,2.0,0.0,0.0,9.0,3.0,9.0,13.0,2.0,5.0,4.0,1.0,4.0,1.0,6.0,2.0,1.0,3.0,0.0,0.0,238.0,222.0,185.0,164.0,24.0,34.0,9.0,11.0,8.0,2.0,2.0,0.0,11.0,13.0,8.0,4.0,79.0,88.0,43.0,18.0,9.0,5.0,17.0,6.0,1.0,2.0,6.0,8.0,39,6,1,2,0,0
112,11352645,4,4,4,1,0,0,7.01,7,10.0,1.8,6.67,20,1.0,0.2,1.49,0.33,1.15,0.29,54.0,7.0,0.0,5.0,3.0,0.0,2.0,3.0,1.0,1.0,2.0,0.0,0.0,1.0,1.0,0.0,0.0,4.0,2.0,9.0,13.0,7.0,5.0,5.0,0.0,3.0,0.0,9.0,3.0,0.0,4.0,0.0,0.0,239.0,204.0,203.0,160.0,24.0,23.0,15.0,9.0,11.0,7.0,6.0,3.0,3.0,5.0,2.0,3.0,61.0,66.0,23.0,22.0,9.0,8.0,8.0,9.0,2.0,1.0,9.0,14.0,37,15,2,2,0,0
114,11352640,1,13,6,0,3,3,6.82,12,8.0,1.0,7.09,15,5.0,0.8,0.03,0.89,0.11,0.53,55.0,0.0,2.0,1.0,3.0,0.0,0.0,4.0,0.0,2.0,3.0,0.0,0.0,0.0,1.0,0.0,0.0,7.0,8.0,13.0,11.0,4.0,3.0,0.0,2.0,0.0,0.0,1.0,3.0,0.0,0.0,0.0,0.0,261.0,220.0,221.0,189.0,36.0,19.0,18.0,10.0,7.0,0.0,1.0,0.0,5.0,5.0,3.0,3.0,64.0,54.0,20.0,25.0,5.0,4.0,6.0,10.0,7.0,6.0,4.0,14.0,43,38,0,0,2,2
115,11626262,0,2,1,1,2,0,6.77,17,4.0,0.8,6.69,19,1.0,0.2,0.14,0.96,0.21,0.62,46.0,0.0,2.0,3.0,6.0,1.0,0.0,0.0,4.0,2.0,2.0,0.0,0.0,1.0,0.0,0.0,0.0,4.0,7.0,12.0,10.0,6.0,6.0,0.0,1.0,0.0,0.0,2.0,4.0,1.0,0.0,0.0,0.0,188.0,223.0,125.0,162.0,45.0,38.0,18.0,16.0,9.0,6.0,4.0,2.0,1.0,10.0,1.0,4.0,87.0,91.0,36.0,29.0,19.0,15.0,12.0,4.0,3.0,3.0,7.0,13.0,72,6,0,1,1,2
116,11352656,8,5,7,0,1,1,6.86,16,7.0,1.4,6.98,5,15.0,2.4,0.22,0.51,0.14,0.17,51.0,0.0,1.0,1.0,3.0,2.0,4.0,2.0,4.0,3.0,1.0,0.0,0.0,1.0,2.0,0.0,0.0,5.0,7.0,7.0,6.0,2.0,5.0,0.0,2.0,0.0,2.0,2.0,4.0,1.0,0.0,0.0,0.0,186.0,181.0,154.0,148.0,13.0,20.0,7.0,6.0,7.0,9.0,2.0,2.0,5.0,3.0,2.0,0.0,50.0,54.0,13.0,15.0,2.0,4.0,4.0,4.0,3.0,3.0,8.0,1.0,3,40,0,1,0,1
117,11352651,7,6,2,1,0,0,6.91,16,4.0,0.8,6.73,19,3.0,0.4,0.8,0.14,0.45,0.49,46.0,3.0,0.0,6.0,2.0,3.0,2.0,7.0,4.0,1.0,0.0,0.0,0.0,1.0,0.0,0.0,0.0,5.0,8.0,15.0,8.0,4.0,4.0,0.0,0.0,0.0,0.0,6.0,2.0,0.0,1.0,0.0,0.0,168.0,215.0,124.0,164.0,26.0,36.0,15.0,11.0,17.0,7.0,2.0,4.0,6.0,7.0,3.0,5.0,81.0,86.0,34.0,29.0,11.0,10.0,16.0,7.0,4.0,4.0,10.0,21.0,48,60,2,3,0,0
118,11352654,4,1,1,2,1,0,6.94,10,9.0,1.2,6.9,14,7.0,0.6,0.39,0.53,0.68,0.35,59.0,1.0,1.0,3.0,6.0,2.0,1.0,5.0,3.0,2.0,0.0,0.0,0.0,0.0,1.0,0.0,0.0,6.0,6.0,15.0,7.0,9.0,3.0,0.0,0.0,0.0,0.0,6.0,4.0,0.0,1.0,0.0,0.0,262.0,192.0,221.0,146.0,27.0,33.0,17.0,12.0,21.0,3.0,5.0,3.0,4.0,5.0,2.0,5.0,73.0,56.0,14.0,20.0,4.0,3.0,2.0,6.0,3.0,10.0,3.0,19.0,35,50,0,2,1,1
119,11352649,2,12,4,0,1,0,6.74,18,4.0,0.8,7.1,11,8.0,1.4,0.39,0.36,0.57,0.45,33.0,1.0,1.0,1.0,2.0,0.0,2.0,0.0,3.0,1.0,1.0,0.0,0.0,2.0,3.0,0.0,0.0,2.0,5.0,7.0,9.0,4.0,1.0,1.0,0.0,1.0,0.0,2.0,2.0,1.0,0.0,0.0,0.0,191.0,393.0,160.0,369.0,17.0,29.0,7.0,20.0,0.0,12.0,0.0,1.0,12.0,7.0,5.0,2.0,51.0,51.0,22.0,22.0,6.0,5.0,9.0,10.0,0.0,5.0,7.0,1.0,6,38,1,1,1,4
120,11352652,6,4,2,1,2,0,6.81,13,8.0,1.0,6.69,20,1.0,0.2,1.08,0.0,0.5,0.05,58.0,2.0,0.0,4.0,0.0,4.0,0.0,6.0,1.0,2.0,1.0,0.0,0.0,0.0,0.0,0.0,0.0,4.0,3.0,15.0,10.0,3.0,7.0,2.0,0.0,2.0,0.0,4.0,0.0,0.0,2.0,0.0,0.0,255.0,191.0,202.0,130.0,33.0,39.0,17.0,12.0,17.0,4.0,2.0,0.0,8.0,12.0,5.0,6.0,94.0,91.0,30.0,30.0,11.0,11.0,11.0,10.0,8.0,6.0,4.0,17.0,43,15,0,3,0,1
121,11352648,3,9,4,2,0,2,7.0,6,15.0,1.8,6.98,4,16.0,2.4,0.64,1.36,0.29,0.45,46.0,1.0,3.0,2.0,1.0,5.0,2.0,5.0,1.0,0.0,0.0,0.0,0.0,0.0,0.0,0.0,0.0,10.0,7.0,9.0,6.0,1.0,3.0,0.0,2.0,0.0,0.0,4.0,5.0,1.0,0.0,0.0,0.0,205.0,240.0,174.0,208.0,18.0,19.0,9.0,7.0,6.0,4.0,3.0,0.0,7.0,3.0,2.0,1.0,52.0,47.0,22.0,18.0,3.0,1.0,7.0,9.0,7.0,5.0,7.0,7.0,30,44,1,2,2,2
122,11352653,0,1,0,0,1,0,6.79,17,4.0,0.8,7.2,2,17.0,2.6,0.07,1.67,0.15,1.61,19.0,0.0,3.0,2.0,8.0,1.0,1.0,1.0,2.0,3.0,0.0,0.0,0.0,2.0,2.0,0.0,1.0,2.0,11.0,5.0,10.0,9.0,3.0,0.0,3.0,0.0,3.0,2.0,8.0,3.0,0.0,0.0,0.0,79.0,353.0,46.0,321.0,24.0,12.0,12.0,7.0,3.0,10.0,1.0,3.0,9.0,11.0,3.0,3.0,57.0,62.0,24.0,31.0,4.0,5.0,15.0,12.0,5.0,5.0,13.0,3.0,72,33,0,0,0,1
123,11352655,5,10,5,2,2,5,7.09,7,13.0,1.8,7.08,8,12.0,1.8,0.93,0.1,0.66,0.28,29.0,1.0,0.0,0.0,3.0,0.0,0.0,1.0,0.0,1.0,1.0,0.0,0.0,2.0,1.0,0.0,0.0,8.0,7.0,5.0,12.0,6.0,2.0,1.0,0.0,0.0,0.0,1.0,2.0,0.0,0.0,0.0,0.0,128.0,337.0,90.0,299.0,31.0,26.0,18.0,14.0,7.0,6.0,0.0,2.0,4.0,6.0,3.0,5.0,53.0,53.0,21.0,19.0,6.0,6.0,5.0,1.0,3.0,2.0,3.0,6.0,37,39,1,2,0,2
124,11352650,3,10,5,0,0,2,7.07,11,11.0,1.6,6.87,13,8.0,1.0,0.38,0.69,0.14,0.27,48.0,0.0,4.0,1.0,4.0,1.0,0.0,2.0,1.0,0.0,1.0,0.0,0.0,0.0,0.0,0.0,0.0,4.0,3.0,9.0,8.0,1.0,3.0,1.0,2.0,1.0,2.0,2.0,5.0,4.0,0.0,0.0,0.0,272.0,300.0,239.0,269.0,25.0,22.0,10.0,13.0,9.0,5.0,2.0,0.0,6.0,12.0,3.0,6.0,63.0,56.0,24.0,24.0,5.0,5.0,12.0,11.0,3.0,5.0,7.0,12.0,7,14,0,0,0,0
125,11352661,5,10,5,0,0,1,7.1,11,11.0,1.4,7.1,4,20.0,2.6,1.17,0.15,0.29,0.15,38.0,2.0,0.0,3.0,1.0,2.0,1.0,0.0,3.0,1.0,1.0,0.0,0.0,2.0,1.0,0.0,0.0,7.0,3.0,9.0,4.0,2.0,3.0,1.0,0.0,0.0,0.0,4.0,1.0,0.0,1.0,0.0,0.0,192.0,311.0,155.0,273.0,25.0,29.0,10.0,15.0,2.0,4.0,1.0,1.0,8.0,7.0,3.0,0.0,57.0,65.0,27.0,19.0,4.0,6.0,13.0,10.0,1.0,5.0,7.0,2.0,38,42,1,2,0,2
127,11352657,3,4,2,0,1,0,6.71,19,3.0,0.4,6.86,14,8.0,1.0,0.51,0.64,0.77,0.3,43.0,2.0,1.0,1.0,3.0,1.0,2.0,1.0,4.0,0.0,1.0,0.0,0.0,2.0,2.0,0.0,0.0,7.0,8.0,16.0,9.0,4.0,4.0,1.0,1.0,0.0,1.0,4.0,4.0,1.0,1.0,0.0,0.0,193.0,252.0,159.0,209.0,20.0,20.0,6.0,10.0,7.0,8.0,1.0,3.0,8.0,6.0,3.0,4.0,66.0,65.0,22.0,32.0,3.0,8.0,10.0,12.0,5.0,6.0,4.0,7.0,60,3,1,1,0,2
129,11352660,2,3,0,1,0,0,6.9,15,7.0,0.4,6.71,18,4.0,0.8,2.53,0.15,1.59,0.26,55.0,7.0,1.0,5.0,2.0,3.0,0.0,4.0,2.0,2.0,1.0,0.0,0.0,0.0,3.0,0.0,0.0,6.0,4.0,14.0,11.0,2.0,5.0,4.0,0.0,3.0,0.0,12.0,1.0,1.0,5.0,0.0,0.0,227.0,187.0,175.0,146.0,31.0,30.0,11.0,12.0,13.0,4.0,5.0,0.0,6.0,6.0,5.0,2.0,74.0,70.0,32.0,19.0,11.0,11.0,10.0,3.0,2.0,3.0,4.0,17.0,50,6,1,3,0,0
131,11352663,12,2,1,2,0,1,7.25,4,18.0,1.8,6.98,6,16.0,2.0,0.41,0.05,0.25,0.04,63.0,3.0,1.0,2.0,0.0,0.0,0.0,2.0,0.0,2.0,0.0,0.0,0.0,1.0,1.0,0.0,0.0,3.0,4.0,10.0,4.0,0.0,4.0,1.0,0.0,0.0,0.0,3.0,1.0,1.0,1.0,0.0,0.0,368.0,215.0,333.0,182.0,26.0,15.0,16.0,7.0,8.0,1.0,0.0,0.0,9.0,5.0,7.0,3.0,56.0,49.0,20.0,14.0,4.0,1.0,6.0,6.0,3.0,6.0,1.0,13.0,17,30,2,2,0,1
133,11352662,11,1,8,10,2,2,6.97,4,17.0,2.0,6.98,16,7.0,1.4,0.52,0.1,0.42,0.11,74.0,1.0,1.0,5.0,1.0,5.0,1.0,7.0,3.0,1.0,0.0,0.0,0.0,0.0,3.0,0.0,1.0,6.0,4.0,12.0,9.0,2.0,7.0,0.0,0.0,0.0,0.0,4.0,1.0,1.0,1.0,0.0,0.0,327.0,113.0,281.0,64.0,28.0,34.0,13.0,9.0,12.0,5.0,3.0,1.0,9.0,12.0,5.0,7.0,76.0,74.0,31.0,30.0,13.0,12.0,7.0,8.0,4.0,9.0,9.0,13.0,44,48,0,2,0,0
134,11352665,2,2,3,0,0,1,6.88,13,9.0,1.2,6.8,17,4.0,0.8,1.6,0.13,0.5,0.13,66.0,3.0,1.0,4.0,3.0,2.0,0.0,2.0,2.0,0.0,0.0,0.0,0.0,0.0,0.0,0.0,0.0,6.0,8.0,10.0,6.0,3.0,4.0,2.0,0.0,2.0,0.0,9.0,2.0,1.0,3.0,0.0,0.0,294.0,146.0,239.0,92.0,22.0,34.0,11.0,15.0,12.0,12.0,5.0,4.0,5.0,7.0,4.0,3.0,76.0,83.0,29.0,29.0,12.0,16.0,7.0,2.0,5.0,3.0,7.0,12.0,14,72,0,2,0,2
136,11352666,1,8,1,0,1,0,6.68,20,1.0,0.2,6.98,10,12.0,1.2,1.26,0.59,0.39,0.2,43.0,4.0,3.0,1.0,2.0,2.0,1.0,2.0,1.0,1.0,1.0,0.0,0.0,2.0,0.0,0.0,0.0,4.0,6.0,11.0,7.0,4.0,0.0,2.0,2.0,1.0,2.0,4.0,3.0,2.0,3.0,0.0,0.0,202.0,262.0,143.0,206.0,41.0,31.0,16.0,13.0,7.0,13.0,0.0,3.0,11.0,6.0,4.0,4.0,93.0,83.0,24.0,31.0,8.0,9.0,8.0,12.0,5.0,3.0,10.0,11.0,15,35,1,1,1,2
152,11352664,9,4,7,2,3,2,7.07,8,13.0,2.0,7.08,9,12.0,1.6,1.75,0.13,0.89,0.1,63.0,5.0,0.0,3.0,2.0,0.0,0.0,4.0,2.0,0.0,0.0,0.0,0.0,2.0,2.0,0.0,0.0,7.0,3.0,13.0,12.0,3.0,5.0,5.0,0.0,3.0,0.0,7.0,1.0,0.0,2.0,0.0,0.0,285.0,169.0,241.0,120.0,26.0,23.0,18.0,7.0,12.0,5.0,4.0,1.0,7.0,3.0,6.0,3.0,71.0,68.0,22.0,24.0,8.0,8.0,1.0,10.0,2.0,7.0,6.0,15.0,39,7,3,4,0,0
154,11352658,5,9,6,1,1,1,6.97,6,16.0,2.0,7.06,9,14.0,1.4,0.69,0.64,0.57,0.43,63.0,4.0,1.0,5.0,2.0,1.0,3.0,5.0,1.0,1.0,2.0,0.0,0.0,0.0,0.0,0.0,0.0,7.0,2.0,8.0,6.0,4.0,4.0,1.0,0.0,1.0,0.0,4.0,2.0,1.0,3.0,0.0,0.0,287.0,166.0,256.0,131.0,18.0,21.0,12.0,12.0,12.0,7.0,3.0,2.0,6.0,10.0,5.0,8.0,49.0,54.0,24.0,16.0,3.0,4.0,9.0,2.0,2.0,4.0,7.0,11.0,40,37,1,4,0,1
155,11352667,15,3,2,1,1,0,7.2,4,20.0,2.6,6.85,13,11.0,1.4,0.86,0.16,0.94,0.19,66.0,4.0,1.0,2.0,4.0,4.0,0.0,3.0,3.0,3.0,3.0,0.0,0.0,1.0,0.0,0.0,0.0,7.0,5.0,8.0,4.0,3.0,5.0,0.0,0.0,0.0,0.0,5.0,3.0,1.0,3.0,0.0,0.0,322.0,160.0,287.0,123.0,8.0,28.0,5.0,18.0,10.0,10.0,0.0,4.0,10.0,10.0,4.0,6.0,66.0,60.0,21.0,24.0,4.0,2.0,6.0,11.0,2.0,6.0,3.0,11.0,33,43,1,2,0,0
156,11352669,7,2,2,2,0,0,7.07,3,21.0,2.2,6.69,20,1.0,0.0,1.29,0.03,0.76,0.03,66.0,3.0,0.0,0.0,1.0,2.0,1.0,4.0,0.0,0.0,1.0,0.0,0.0,0.0,0.0,0.0,0.0,4.0,4.0,9.0,7.0,2.0,5.0,1.0,0.0,0.0,0.0,3.0,0.0,0.0,1.0,0.0,0.0,352.0,184.0,319.0,142.0,17.0,31.0,12.0,14.0,10.0,2.0,1.0,0.0,7.0,6.0,6.0,2.0,62.0,60.0,22.0,25.0,5.0,6.0,7.0,13.0,3.0,5.0,4.0,12.0,42,15,1,5,0,0
172,11352668,4,7,2,1,0,0,6.7,19,3.0,0.2,6.7,18,4.0,0.6,0.92,0.28,0.58,0.46,54.0,3.0,2.0,3.0,1.0,2.0,1.0,6.0,4.0,1.0,0.0,0.0,0.0,0.0,1.0,0.0,0.0,5.0,4.0,15.0,13.0,1.0,5.0,1.0,0.0,1.0,0.0,6.0,1.0,1.0,2.0,0.0,0.0,213.0,186.0,171.0,141.0,14.0,31.0,6.0,7.0,13.0,9.0,3.0,1.0,9.0,7.0,6.0,3.0,70.0,78.0,32.0,19.0,9.0,6.0,12.0,6.0,6.0,3.0,9.0,12.0,60,6,1,2,1,1
188,11352672,4,3,2,0,1,0,7.05,10,12.0,1.6,6.95,14,10.0,0.8,0.98,0.07,0.8,0.25,67.0,2.0,1.0,4.0,0.0,4.0,1.0,3.0,1.0,0.0,0.0,0.0,0.0,0.0,0.0,0.0,0.0,3.0,6.0,11.0,9.0,1.0,8.0,1.0,0.0,1.0,0.0,7.0,2.0,1.0,2.0,0.0,0.0,374.0,187.0,338.0,141.0,22.0,32.0,12.0,11.0,8.0,3.0,0.0,1.0,11.0,7.0,8.0,5.0,65.0,63.0,22.0,29.0,8.0,6.0,3.0,12.0,7.0,2.0,6.0,17.0,38,50,0,0,0,2
196,11352676,8,9,3,2,5,3,7.0,9,14.0,0.8,6.94,16,7.0,1.2,0.17,0.32,0.27,0.23,58.0,1.0,1.0,1.0,3.0,0.0,1.0,1.0,1.0,0.0,2.0,0.0,0.0,1.0,1.0,0.0,0.0,5.0,3.0,15.0,9.0,3.0,2.0,0.0,0.0,0.0,0.0,2.0,4.0,1.0,1.0,0.0,0.0,330.0,234.0,276.0,191.0,27.0,27.0,12.0,16.0,4.0,9.0,1.0,5.0,13.0,6.0,10.0,3.0,78.0,67.0,27.0,29.0,5.0,9.0,7.0,14.0,6.0,5.0,6.0,6.0,37,48,0,0,0,1
212,11352677,4,6,10,0,1,3,6.9,13,11.0,1.6,7.08,6,16.0,2.6,0.33,1.93,0.21,0.64,41.0,4.0,4.0,2.0,2.0,1.0,3.0,6.0,4.0,0.0,0.0,0.0,0.0,0.0,0.0,0.0,0.0,8.0,7.0,6.0,14.0,2.0,2.0,0.0,3.0,0.0,1.0,3.0,7.0,1.0,3.0,0.0,0.0,185.0,273.0,151.0,237.0,24.0,19.0,8.0,9.0,7.0,7.0,1.0,2.0,15.0,11.0,12.0,8.0,58.0,59.0,33.0,23.0,3.0,1.0,10.0,7.0,5.0,6.0,8.0,9.0,3,39,1,2,2,2
228,11352673,4,14,2,1,1,0,7.01,11,12.0,1.0,7.19,1,23.0,2.6,0.28,0.12,0.15,0.23,28.0,2.0,0.0,2.0,3.0,4.0,0.0,5.0,0.0,0.0,0.0,0.0,0.0,0.0,0.0,0.0,0.0,6.0,7.0,6.0,12.0,5.0,2.0,0.0,0.0,0.0,0.0,5.0,1.0,0.0,2.0,0.0,0.0,128.0,357.0,88.0,323.0,28.0,22.0,10.0,15.0,10.0,6.0,4.0,2.0,8.0,12.0,4.0,3.0,62.0,65.0,30.0,22.0,3.0,3.0,17.0,9.0,5.0,4.0,5.0,11.0,7,33,0,1,0,2
229,11352671,5,6,4,0,1,1,6.95,7,16.0,1.4,6.84,14,11.0,1.4,0.57,0.11,0.35,0.24,72.0,4.0,0.0,4.0,3.0,0.0,0.0,3.0,2.0,0.0,0.0,0.0,0.0,0.0,0.0,0.0,0.0,0.0,4.0,7.0,5.0,5.0,5.0,2.0,0.0,2.0,0.0,4.0,1.0,0.0,3.0,0.0,0.0,466.0,176.0,438.0,140.0,12.0,22.0,6.0,10.0,5.0,5.0,2.0,0.0,13.0,5.0,6.0,2.0,58.0,56.0,18.0,24.0,5.0,4.0,7.0,14.0,4.0,9.0,3.0,2.0,30,43,1,1,0,1
230,11352674,7,2,3,3,1,0,7.01,4,20.0,2.0,6.9,15,10.0,0.8,2.19,0.13,1.34,0.06,73.0,7.0,0.0,3.0,1.0,3.0,1.0,6.0,1.0,0.0,2.0,0.0,0.0,1.0,1.0,0.0,0.0,4.0,5.0,11.0,1.0,2.0,6.0,3.0,0.0,1.0,0.0,8.0,2.0,0.0,5.0,0.0,0.0,378.0,137.0,344.0,101.0,20.0,26.0,16.0,10.0,19.0,3.0,5.0,0.0,6.0,9.0,3.0,7.0,68.0,53.0,20.0,31.0,9.0,7.0,5.0,12.0,3.0,8.0,2.0,22.0,44,14,2,3,0,0
231,11352670,1,1,0,1,0,0,7.02,5,19.0,2.6,6.8,18,5.0,1.0,1.59,0.0,1.91,0.02,77.0,4.0,0.0,4.0,0.0,6.0,0.0,5.0,0.0,0.0,4.0,0.0,0.0,1.0,0.0,0.0,0.0,5.0,6.0,3.0,4.0,2.0,7.0,3.0,0.0,3.0,0.0,10.0,0.0,0.0,3.0,0.0,0.0,324.0,95.0,295.0,65.0,14.0,26.0,9.0,7.0,12.0,5.0,4.0,0.0,8.0,5.0,4.0,2.0,47.0,50.0,22.0,22.0,8.0,7.0,5.0,7.0,1.0,3.0,2.0,6.0,40,72,1,3,0,1
232,11352675,8,10,2,1,3,0,6.98,8,15.0,1.8,7.23,3,21.0,1.8,0.33,1.54,0.14,0.83,40.0,2.0,4.0,2.0,2.0,0.0,1.0,2.0,9.0,2.0,0.0,0.0,0.0,2.0,1.0,0.0,0.0,3.0,5.0,2.0,6.0,6.0,4.0,0.0,3.0,0.0,2.0,4.0,4.0,3.0,2.0,0.0,0.0,185.0,270.0,150.0,242.0,17.0,24.0,6.0,17.0,5.0,15.0,2.0,0.0,3.0,7.0,3.0,6.0,47.0,59.0,18.0,16.0,4.0,2.0,8.0,4.0,2.0,6.0,19.0,2.0,35,17,0,0,1,3
233,11352314,3,16,1,2,3,2,7.06,8,17.0,2.2,7.1,3,24.0,2.2,0.16,0.38,0.31,0.37,49.0,0.0,1.0,2.0,2.0,2.0,5.0,0.0,4.0,1.0,0.0,0.0,0.0,3.0,1.0,0.0,0.0,7.0,6.0,17.0,5.0,3.0,5.0,0.0,0.0,0.0,0.0,1.0,2.0,1.0,0.0,0.0,0.0,201.0,212.0,157.0,176.0,26.0,25.0,11.0,12.0,5.0,7.0,1.0,2.0,5.0,8.0,4.0,3.0,65.0,54.0,32.0,21.0,12.0,5.0,9.0,7.0,4.0,4.0,7.0,12.0,39,42,0,1,0,0
249,11352312,14,0,0,1,0,0,7.27,3,24.0,1.8,6.72,17,6.0,0.6,0.91,0.32,1.49,0.31,71.0,4.0,0.0,5.0,1.0,6.0,1.0,9.0,0.0,0.0,1.0,0.0,0.0,0.0,1.0,0.0,0.0,3.0,4.0,5.0,1.0,1.0,6.0,0.0,0.0,0.0,0.0,7.0,2.0,0.0,1.0,0.0,0.0,388.0,164.0,360.0,137.0,16.0,20.0,13.0,11.0,14.0,1.0,2.0,0.0,4.0,2.0,4.0,1.0,47.0,37.0,11.0,7.0,3.0,0.0,1.0,2.0,2.0,5.0,1.0,17.0,17,60,3,6,0,1
265,11352304,5,3,0,5,1,0,6.96,10,13.0,1.4,6.99,9,14.0,0.8,1.17,1.61,0.33,0.65,65.0,2.0,2.0,4.0,4.0,4.0,0.0,3.0,1.0,1.0,0.0,0.0,0.0,1.0,1.0,0.0,0.0,8.0,7.0,5.0,10.0,4.0,6.0,2.0,3.0,1.0,2.0,7.0,6.0,0.0,1.0,0.0,0.0,300.0,156.0,251.0,108.0,28.0,34.0,20.0,13.0,15.0,11.0,3.0,2.0,5.0,4.0,2.0,1.0,73.0,70.0,26.0,24.0,12.0,10.0,4.0,6.0,3.0,7.0,9.0,13.0,50,37,1,3,2,2
281,11352305,8,8,4,0,1,0,6.69,19,4.0,0.6,6.97,13,12.0,1.0,0.41,0.87,0.29,0.61,64.0,1.0,2.0,5.0,0.0,2.0,0.0,9.0,1.0,0.0,0.0,0.0,0.0,0.0,3.0,0.0,0.0,8.0,5.0,11.0,9.0,0.0,9.0,2.0,2.0,2.0,1.0,7.0,2.0,1.0,1.0,0.0,0.0,244.0,144.0,202.0,106.0,26.0,25.0,14.0,12.0,22.0,3.0,4.0,1.0,9.0,5.0,4.0,1.0,76.0,55.0,26.0,22.0,7.0,10.0,7.0,7.0,5.0,4.0,3.0,28.0,6,7,0,0,1,2
297,11352306,6,4,3,1,0,1,6.96,15,10.0,1.8,6.95,8,17.0,1.0,0.49,0.17,0.03,0.21,16.0,3.0,1.0,3.0,2.0,0.0,0.0,0.0,0.0,0.0,3.0,0.0,0.0,1.0,2.0,0.0,0.0,2.0,6.0,7.0,10.0,3.0,4.0,0.0,0.0,0.0,0.0,4.0,2.0,1.0,2.0,0.0,0.0,92.0,494.0,60.0,454.0,25.0,23.0,11.0,13.0,3.0,7.0,0.0,1.0,5.0,10.0,2.0,6.0,48.0,65.0,15.0,22.0,4.0,8.0,7.0,4.0,3.0,0.0,13.0,1.0,48,30,1,1,0,1
313,11352307,2,15,3,0,4,0,6.85,14,12.0,1.0,6.94,8,15.0,1.8,0.4,0.23,0.06,0.19,41.0,0.0,1.0,4.0,2.0,4.0,2.0,5.0,2.0,1.0,2.0,0.0,0.0,1.0,0.0,0.0,0.0,5.0,4.0,9.0,5.0,4.0,5.0,0.0,0.0,0.0,0.0,4.0,2.0,1.0,0.0,0.0,0.0,175.0,260.0,129.0,213.0,31.0,36.0,12.0,16.0,12.0,7.0,1.0,1.0,8.0,5.0,6.0,1.0,75.0,70.0,29.0,16.0,11.0,6.0,7.0,5.0,5.0,3.0,8.0,11.0,43,35,0,0,0,1
329,11352320,3,7,2,1,0,0,6.64,20,1.0,0.0,6.92,12,12.0,1.8,0.01,0.96,0.1,0.53,38.0,0.0,1.0,0.0,4.0,1.0,2.0,0.0,2.0,0.0,2.0,0.0,0.0,1.0,0.0,0.0,0.0,1.0,6.0,10.0,15.0,4.0,3.0,0.0,2.0,0.0,2.0,0.0,4.0,1.0,0.0,0.0,0.0,176.0,292.0,124.0,246.0,29.0,23.0,5.0,10.0,6.0,6.0,2.0,0.0,3.0,14.0,0.0,7.0,79.0,75.0,18.0,32.0,3.0,12.0,14.0,7.0,5.0,3.0,8.0,11.0,15,3,0,2,0,1
345,11352317,3,7,8,1,1,0,6.86,16,10.0,0.6,7.02,5,22.0,2.6,0.28,0.37,0.11,0.55,33.0,1.0,1.0,2.0,1.0,0.0,2.0,0.0,6.0,4.0,1.0,0.0,0.0,0.0,0.0,0.0,0.0,3.0,3.0,6.0,5.0,5.0,3.0,0.0,1.0,0.0,1.0,1.0,4.0,1.0,0.0,0.0,0.0,156.0,317.0,129.0,290.0,22.0,25.0,12.0,16.0,2.0,16.0,0.0,4.0,2.0,10.0,1.0,4.0,43.0,59.0,19.0,13.0,2.0,4.0,13.0,2.0,3.0,5.0,18.0,9.0,14,40,1,2,0,0
346,11352310,0,0,1,0,0,1,6.78,18,5.0,0.8,7.04,4,23.0,2.0,0.17,0.84,0.03,0.67,26.0,1.0,3.0,2.0,6.0,1.0,2.0,0.0,2.0,0.0,1.0,0.0,0.0,1.0,0.0,0.0,0.0,4.0,2.0,10.0,10.0,8.0,3.0,0.0,2.0,0.0,2.0,2.0,7.0,3.0,1.0,0.0,0.0,127.0,362.0,81.0,321.0,27.0,28.0,8.0,18.0,6.0,7.0,1.0,2.0,7.0,5.0,5.0,2.0,71.0,76.0,23.0,18.0,5.0,10.0,9.0,4.0,8.0,5.0,12.0,6.0,72,44,0,1,0,1
347,11352323,5,12,3,0,1,0,7.17,2,26.0,2.6,7.06,13,12.0,1.4,0.17,1.12,0.2,0.18,48.0,3.0,2.0,0.0,4.0,1.0,1.0,1.0,3.0,1.0,2.0,0.0,0.0,2.0,2.0,1.0,0.0,9.0,7.0,12.0,4.0,5.0,1.0,0.0,1.0,0.0,0.0,2.0,5.0,1.0,2.0,0.0,0.0,193.0,205.0,160.0,169.0,16.0,34.0,10.0,18.0,5.0,9.0,2.0,1.0,13.0,16.0,4.0,8.0,61.0,66.0,28.0,27.0,3.0,2.0,12.0,10.0,7.0,7.0,13.0,5.0,33,38,1,1,1,4
